filename,original size,stego size,size percentage increase,extracted,expected,analysis,BER %
low_10_stego.png,131941,151870,151.045,"Lorem ipsum dolor sit amet, consectetur adipiscing elit. Curabitur dictum justo eget est maximus, in mollis massa porttitor. Mauris gravida scelerisque orci id eleifend. Sed fermentum orci a velit eleifend laoreet. Cras semper sed nibh eget vehicula. Donec sed eros arcu. Aenean tempor, felis ac dictum tincidunt, odio nulla consectetur dolor, nec molestie lorem felis et sem. Orci varius natoque penatibus et magnis dis parturient montes, nascetur ridiculus mus. Fusce aliquet est venenatis euismod bibendum. Ut ultricies a nulla quis sollicitudin. Nam sagittis venenatis ac.","Lorem ipsum dolor sit amet, consectetur adipiscing elit. Curabitur dictum justo eget est maximus, in mollis massa porttitor. Mauris gravida scelerisque orci id eleifend. Sed fermentum orci a velit eleifend laoreet. Cras semper sed nibh eget vehicula. Donec sed eros arcu. Aenean tempor, felis ac dictum tincidunt, odio nulla consectetur dolor, nec molestie lorem felis et sem. Orci varius natoque penatibus et magnis dis parturient montes, nascetur ridiculus mus. Fusce aliquet est venenatis euismod bibendum. Ut ultricies a nulla quis sollicitudin. Nam sagittis venenatis ac.",Match,0
low_11_stego.png,221864,302848,365.016,"Lorem ipsum dolor sit amet, consectetur adipiscing %lit. Curabitur dictum justo eget est ma8imus, in mollis massa porttitor. Mauris gravida scelerisque orci id eleifend. S%d fermentum orci a velit eleifnd l`ore%t. Cras semper sed nibh eget vhicu`a. onec sed eros arcu. Aenean tem","Lorem ipsum dolor sit amet, consectetur adipiscing elit. Curabitur dictum justo eget est maximus, in mollis massa porttitor. Mauris gravida scelerisque orci id eleifend. Sed fermentum orci a velit eleifend laoreet. Cras semper sed nibh eget vehicula. Donec sed eros arcu. Aenean tempor, felis ac dictum tincidunt, odio nulla consectetur dolor, nec molestie lorem felis et sem. Orci varius natoque penatibus et magnis dis parturient montes, nascetur ridiculus mus. Fusce aliquet est venenatis euismod bibendum. Ut ultricies a nulla quis sollicitudin. Nam sagittis venenatis ac.",End Data Corruption,244.575
low_12_stego.png,93309,440185,3.717.498,"Lorem ipsum dolor sit amet, consectetur adipiscing elit. Curabitur dictum justo eget est maximus, in mollis massa porttitor. Mauris gravida scelerisque orci id eleifend. Sed fermentum orci a velit eleifend laoreet. Cras semper sed nibh eget vehicula. Donec sed eros arcu. Aenean tempor, felis ac dictum tincidunt, odio nulla consectetur dolor, nec molestie lorem felis et sem. Orci varius natoque penatibus et magnis dis parturient montes, nascetur ridiculus mus. Fusce aliquet est venenatis euismod bibendum. Ut ultricies a nulla quis sollicitudin. Nam sagittis venenatis ac.","Lorem ipsum dolor sit amet, consectetur adipiscing elit. Curabitur dictum justo eget est maximus, in mollis massa porttitor. Mauris gravida scelerisque orci id eleifend. Sed fermentum orci a velit eleifend laoreet. Cras semper sed nibh eget vehicula. Donec sed eros arcu. Aenean tempor, felis ac dictum tincidunt, odio nulla consectetur dolor, nec molestie lorem felis et sem. Orci varius natoque penatibus et magnis dis parturient montes, nascetur ridiculus mus. Fusce aliquet est venenatis euismod bibendum. Ut ultricies a nulla quis sollicitudin. Nam sagittis venenatis ac.",Match,0
low_13_stego.png,121616,197574,624.572,"Lorem ipsum dolor sit amet, consectetur adipiscing elit. Curabitur dictum justo eget est maximus, in mollis massa porttitor. Mauris gravida scelerisque orci id eleifend. Sed fermentum orci a velit eleifend laoreet. Cras semper sed nibh eget vehicula. Donec sed eros arcu. Aenean tempor, felis ac dictum tincidunt, odio nulla consectetur dolor, nec molestie lorem felis et sem. Orci varius natoque penatibus et magnis dis parturient montes, nascetur ridiculus mus. Fusce aliquet est venenatis euismod bibendum. Ut ultricies a nulla quis sollicitudin. Nam sagittis venenatis ac.","Lorem ipsum dolor sit amet, consectetur adipiscing elit. Curabitur dictum justo eget est maximus, in mollis massa porttitor. Mauris gravida scelerisque orci id eleifend. Sed fermentum orci a velit eleifend laoreet. Cras semper sed nibh eget vehicula. Donec sed eros arcu. Aenean tempor, felis ac dictum tincidunt, odio nulla consectetur dolor, nec molestie lorem felis et sem. Orci varius natoque penatibus et magnis dis parturient montes, nascetur ridiculus mus. Fusce aliquet est venenatis euismod bibendum. Ut ultricies a nulla quis sollicitudin. Nam sagittis venenatis ac.",Match,0
low_14_stego.png,354683,662175,866.949,"Lorem ipsum dolor sit amet, consectetur adipiscing elit. Curabitur dictum justo eget est maximus, in mollis massa porttitor. Mauris gravida scelerisque orci id eleifend. Sed fermentum orci a velit eleifend laoreet. Cras semper sed nibh eget vehicula. Donec sed eros arcu. Aenean tempor, felis ac dictum tincidunt, odio nulla consectetur dolor, nec molestie lorem felis et sem. Orci varius natoque penatibus et magnis dis parturient montes, nascetur ridiculus mus. Fusce aliquet est venenatis euismod bibendum. Ut ultricies a nulla quis sollicitudin. Nam sagittis venenatis ac.","Lorem ipsum dolor sit amet, consectetur adipiscing elit. Curabitur dictum justo eget est maximus, in mollis massa porttitor. Mauris gravida scelerisque orci id eleifend. Sed fermentum orci a velit eleifend laoreet. Cras semper sed nibh eget vehicula. Donec sed eros arcu. Aenean tempor, felis ac dictum tincidunt, odio nulla consectetur dolor, nec molestie lorem felis et sem. Orci varius natoque penatibus et magnis dis parturient montes, nascetur ridiculus mus. Fusce aliquet est venenatis euismod bibendum. Ut ultricies a nulla quis sollicitudin. Nam sagittis venenatis ac.",Match,0
low_15_stego.png,234208,282789,207.427,"Lorem ipsum dolor sit amet, consectetur adipiscing elit. Curabitur dictum justo eget est maximus, in mollis massa porttitor. Mauris gravida scelerisque orci id eleifend. Sed fermentum orci a velit eleifend laoreet. Cras semper sed nibh eget vehicula. Donec sed eros arcu. Aenean tempor, felis ac dictum tincidunt, odio nulla consectetur dolor, nec molestie lorem felis et sem. Orci varius natoque penatibus et magnis dis parturient montes, nascetur ridiculus mus. Fusce aliquet est venenatis euismod bibendum. Ut ultricies a nulla quis sollicitudin. Nam sagittis venenatis ac.","Lorem ipsum dolor sit amet, consectetur adipiscing elit. Curabitur dictum justo eget est maximus, in mollis massa porttitor. Mauris gravida scelerisque orci id eleifend. Sed fermentum orci a velit eleifend laoreet. Cras semper sed nibh eget vehicula. Donec sed eros arcu. Aenean tempor, felis ac dictum tincidunt, odio nulla consectetur dolor, nec molestie lorem felis et sem. Orci varius natoque penatibus et magnis dis parturient montes, nascetur ridiculus mus. Fusce aliquet est venenatis euismod bibendum. Ut ultricies a nulla quis sollicitudin. Nam sagittis venenatis ac.",Match,0
low_16_stego.png,285758,455507,594.031,"Lorem ipsum dolor sit amet, consectetur adipiscing elit. Curabitur dictum justo eget est maximus, in mollis massa porttitor. Mauris gravida scelerisque orci id eleifend. Sed fermentum orci a velit eleifend laoreet. Cras semper sed nibh eget vehicula. Donec sed eros arcu. Aenean tempor, felis ac dictum tincidunt, odio nulla consectetur dolor, nec molestie lorem felis et sem. Orci varius natoque penatibus et magnis dis parturient montes, nascetur ridiculus mus. Fusce aliquet est venenatis euismod bibendum. Ut ultricies a nulla quis sollicitudin. Nam sagittis venenatis ac.","Lorem ipsum dolor sit amet, consectetur adipiscing elit. Curabitur dictum justo eget est maximus, in mollis massa porttitor. Mauris gravida scelerisque orci id eleifend. Sed fermentum orci a velit eleifend laoreet. Cras semper sed nibh eget vehicula. Donec sed eros arcu. Aenean tempor, felis ac dictum tincidunt, odio nulla consectetur dolor, nec molestie lorem felis et sem. Orci varius natoque penatibus et magnis dis parturient montes, nascetur ridiculus mus. Fusce aliquet est venenatis euismod bibendum. Ut ultricies a nulla quis sollicitudin. Nam sagittis venenatis ac.",Match,0
low_17_stego.png,275139,451041,639.320,"Lorem ipsum dolor sit amet, consectetur adipiscing elit. Curabitur dictum justo eget est maximus, in mollis massa porttitor. Mauris gravida scelerisque orci id eleifend. Sed fermentum orci a velit eleifend laoreet. Cras semper sed nibh eget vehicula. Donec sed eros arcu. Aenean tempor, felis ac dictum tincidunt, odio nulla consectetur dolor, nec molestie lorem felis et sem. Orci varius natoque penatibus et magnis dis parturient montes, nascetur ridiculus mus. Fusce aliquet est venenatis euismod bibendum. Ut ultricies a nulla quis sollicitudin. Nam sagittis venenatis ac.","Lorem ipsum dolor sit amet, consectetur adipiscing elit. Curabitur dictum justo eget est maximus, in mollis massa porttitor. Mauris gravida scelerisque orci id eleifend. Sed fermentum orci a velit eleifend laoreet. Cras semper sed nibh eget vehicula. Donec sed eros arcu. Aenean tempor, felis ac dictum tincidunt, odio nulla consectetur dolor, nec molestie lorem felis et sem. Orci varius natoque penatibus et magnis dis parturient montes, nascetur ridiculus mus. Fusce aliquet est venenatis euismod bibendum. Ut ultricies a nulla quis sollicitudin. Nam sagittis venenatis ac.",Match,0
low_18_stego.png,21733,220254,9.134.542,Lorem,"Lorem ipsum dolor sit amet, consectetur adipiscing elit. Curabitur dictum justo eget est maximus, in mollis massa porttitor. Mauris gravida scelerisque orci id eleifend. Sed fermentum orci a velit eleifend laoreet. Cras semper sed nibh eget vehicula. Donec sed eros arcu. Aenean tempor, felis ac dictum tincidunt, odio nulla consectetur dolor, nec molestie lorem felis et sem. Orci varius natoque penatibus et magnis dis parturient montes, nascetur ridiculus mus. Fusce aliquet est venenatis euismod bibendum. Ut ultricies a nulla quis sollicitudin. Nam sagittis venenatis ac.",Significant Data Corruption,463.976
low_19_stego.png,266461,379439,423.995,"Lorem ipsum dolor sit amet, consectetur adipiscing elit. Curabitur dictum justo eget est maximus, in mollis massa porttitor. Mauris gravida scelerisque orci id eleifend. Sed fermentum orci a velit eleifend laoreet. Cras semper sed nibh eget vehicula. Donec sed eros arcu. Aenean tempor, felis ac dictum tincidunt, odio nulla consectetur dolor, nec molestie lorem felis et sem. Orci varius natoque penatibus et magnis dis parturient montes, nascetur ridiculus mus. Fusce aliquet est venenatis euismod bibendum. Ut ultricies a nulla quis sollicitudin. Nam sagittis venenatis ac.","Lorem ipsum dolor sit amet, consectetur adipiscing elit. Curabitur dictum justo eget est maximus, in mollis massa porttitor. Mauris gravida scelerisque orci id eleifend. Sed fermentum orci a velit eleifend laoreet. Cras semper sed nibh eget vehicula. Donec sed eros arcu. Aenean tempor, felis ac dictum tincidunt, odio nulla consectetur dolor, nec molestie lorem felis et sem. Orci varius natoque penatibus et magnis dis parturient montes, nascetur ridiculus mus. Fusce aliquet est venenatis euismod bibendum. Ut ultricies a nulla quis sollicitudin. Nam sagittis venenatis ac.",Match,0
low_1_stego.png,325040,558031,716.807,"Lorem ipsum dolor sit amet, consectetur adipiscing elit. Curabitur dictum justo eget est maximus, in mollis massa porttitor. Mauris gravida scelerisque orci id eleifend. Sed fermentum orci a velit eleifend laoreet. Cras semper sed nibh eget vehicula. Donec sed eros arcu. Aenean tempor, felis ac dictum tincidunt, odio nulla consectetur dolor, nec molestie lorem felis et sem. Orci varius natoque penatibus et magnis dis parturient montes, nascetur ridiculus mus. Fusce aliquet est venenatis euismod bibendum. Ut ultricies a nulla quis sollicitudin. Nam sagittis venenatis ac.","Lorem ipsum dolor sit amet, consectetur adipiscing elit. Curabitur dictum justo eget est maximus, in mollis massa porttitor. Mauris gravida scelerisque orci id eleifend. Sed fermentum orci a velit eleifend laoreet. Cras semper sed nibh eget vehicula. Donec sed eros arcu. Aenean tempor, felis ac dictum tincidunt, odio nulla consectetur dolor, nec molestie lorem felis et sem. Orci varius natoque penatibus et magnis dis parturient montes, nascetur ridiculus mus. Fusce aliquet est venenatis euismod bibendum. Ut ultricies a nulla quis sollicitudin. Nam sagittis venenatis ac.",Match,0
low_20_stego.png,254328,409727,611.018,"Lorem ipsum dolor sit amet, consectetur adipiscing elit. Curabitur dictum justo eget est maximus, in mollis massa porttitor. Mauris gravida scelerisque orci id eleifend. Sed fermentum orci a velit eleifend laoreet. Cras semper sed nibh eget vehicula. Donec sed eros arcu. Aenean tempor, felis ac dictum tincidunt, odio nulla consectetur dolor, nec molestie lorem felis et sem. Orci varius natoque penatibus et magnis dis parturient montes, nascetur ridiculus mus. Fusce aliquet est venenatis euismod bibendum. Ut ultricies a nulla quis sollicitudin. Nam sagittis venenatis ac.","Lorem ipsum dolor sit amet, consectetur adipiscing elit. Curabitur dictum justo eget est maximus, in mollis massa porttitor. Mauris gravida scelerisque orci id eleifend. Sed fermentum orci a velit eleifend laoreet. Cras semper sed nibh eget vehicula. Donec sed eros arcu. Aenean tempor, felis ac dictum tincidunt, odio nulla consectetur dolor, nec molestie lorem felis et sem. Orci varius natoque penatibus et magnis dis parturient montes, nascetur ridiculus mus. Fusce aliquet est venenatis euismod bibendum. Ut ultricies a nulla quis sollicitudin. Nam sagittis venenatis ac.",Match,0
low_21_stego.png,184378,281635,527.487,"Lorem ipsum dolor sit amet, consectetur adipiscing elit. Curabitur dictum justo eget est maximus, in mollis massa porttitor. Mauris gravida scelerisque orci id eleifend. Sed fermentum orci a velit eleifend laoreet. Cras semper sed nibh eget vehicula. Donec sed eros arcu. Aenean tempor, felis ac dictum tincidunt, odio nulla consectetur dolor, nec molestie lorem felis et sem. Orci varius natoque penatibus et magnis dis parturient montes, nascetur ridiculus mus. Fusce aliquet est venenatis euismod bibendum. Ut ultricies a nulla quis sollicitudin. Nam sagittis venenatis ac.","Lorem ipsum dolor sit amet, consectetur adipiscing elit. Curabitur dictum justo eget est maximus, in mollis massa porttitor. Mauris gravida scelerisque orci id eleifend. Sed fermentum orci a velit eleifend laoreet. Cras semper sed nibh eget vehicula. Donec sed eros arcu. Aenean tempor, felis ac dictum tincidunt, odio nulla consectetur dolor, nec molestie lorem felis et sem. Orci varius natoque penatibus et magnis dis parturient montes, nascetur ridiculus mus. Fusce aliquet est venenatis euismod bibendum. Ut ultricies a nulla quis sollicitudin. Nam sagittis venenatis ac.",Match,0
low_22_stego.png,303176,533803,760.703,"Lorem ipsum dolor sit amet, consectetur adipiscing elit. Curabitur dictum justo eget est maximus, in mollis massa porttitor. Mauris gravida scelerisque orci id eleifend. Sed fermentum orci a velit eleifend laoreet. Cras semper sed nibh eget vehicula. Donec sed eros arcu. Aenean tempor, felis ac dictum tincidunt, odio nulla consectetur dolor, nec molestie lorem felis et sem. Orci varius natoque penatibus et magnis dis parturient montes, nascetur ridiculus mus. Fusce aliquet est venenatis euismod bibendum. Ut ultricies a nulla quis sollicitudin. Nam sagittis venenatis ac.","Lorem ipsum dolor sit amet, consectetur adipiscing elit. Curabitur dictum justo eget est maximus, in mollis massa porttitor. Mauris gravida scelerisque orci id eleifend. Sed fermentum orci a velit eleifend laoreet. Cras semper sed nibh eget vehicula. Donec sed eros arcu. Aenean tempor, felis ac dictum tincidunt, odio nulla consectetur dolor, nec molestie lorem felis et sem. Orci varius natoque penatibus et magnis dis parturient montes, nascetur ridiculus mus. Fusce aliquet est venenatis euismod bibendum. Ut ultricies a nulla quis sollicitudin. Nam sagittis venenatis ac.",Match,0
low_23_stego.png,202779,228743,128.041,"Lorem ipsum dolor sit amet, consectetur adipiscing elit. Curabitur dictum justo eget est maximus, in mollis massa porttitor. Mauris gravida scelerisque orci id eleifend. Sed fermentum orci a velit eleifend laoreet. Cras semper sed nibh eget vehicula. Donec sed eros arcu. Aenean tempor, felis ac dictum tincidunt, odio nulla consectetur dolor, nec molestie lorem felis et sem. Orci varius natoque penatibus et magnis dis parturient montes, nascetur ridiculus mus. Fusce aliquet est venenatis euismod bibendum. Ut ultricies a nulla quis sollicitudin. Nam sagittis venenatis ac.","Lorem ipsum dolor sit amet, consectetur adipiscing elit. Curabitur dictum justo eget est maximus, in mollis massa porttitor. Mauris gravida scelerisque orci id eleifend. Sed fermentum orci a velit eleifend laoreet. Cras semper sed nibh eget vehicula. Donec sed eros arcu. Aenean tempor, felis ac dictum tincidunt, odio nulla consectetur dolor, nec molestie lorem felis et sem. Orci varius natoque penatibus et magnis dis parturient montes, nascetur ridiculus mus. Fusce aliquet est venenatis euismod bibendum. Ut ultricies a nulla quis sollicitudin. Nam sagittis venenatis ac.",Match,0
low_24_stego.png,99748,197624,981.233,"Lorem ipsum dolor sit amet, consectetur adipiscing elit. Curabitur dictum justo eget est maximus, in mollis massa porttitor. Mauris gravida scelerisque orci id eleifend. Sed fermentum orci a velit eleifend laoreet. Cras semper sed nibh eget vehicula. Donec sed eros arcu. Aenean tempor, felis ac dictum tincidunt, odio nulla consectetur dolor, nec molestie lorem felis et sem. Orci varius natoque penatibus et magnis dis parturient montes, nascetur ridiculus mus. Fusce aliquet est venenatis euismod bibendum. Ut ultricies a nulla quis sollicitudin. Nam sagittis venenatis ac.","Lorem ipsum dolor sit amet, consectetur adipiscing elit. Curabitur dictum justo eget est maximus, in mollis massa porttitor. Mauris gravida scelerisque orci id eleifend. Sed fermentum orci a velit eleifend laoreet. Cras semper sed nibh eget vehicula. Donec sed eros arcu. Aenean tempor, felis ac dictum tincidunt, odio nulla consectetur dolor, nec molestie lorem felis et sem. Orci varius natoque penatibus et magnis dis parturient montes, nascetur ridiculus mus. Fusce aliquet est venenatis euismod bibendum. Ut ultricies a nulla quis sollicitudin. Nam sagittis venenatis ac.",Match,0
low_25_stego.png,177705,211170,188.318,"Lorem ipsum dolor sit amet, consectetur adipiscing elit. Curabitur dictum justo eget est maximus, in mollis massa porttitor. Mauris gravida scelerisque orci id eleifend. Sed fermentum orci a velit eleifend laG2eet*Cras sel`er sed nibh efet vehicuh. Loj# sed`erS arcu.","Lorem ipsum dolor sit amet, consectetur adipiscing elit. Curabitur dictum justo eget est maximus, in mollis massa porttitor. Mauris gravida scelerisque orci id eleifend. Sed fermentum orci a velit eleifend laoreet. Cras semper sed nibh eget vehicula. Donec sed eros arcu. Aenean tempor, felis ac dictum tincidunt, odio nulla consectetur dolor, nec molestie lorem felis et sem. Orci varius natoque penatibus et magnis dis parturient montes, nascetur ridiculus mus. Fusce aliquet est venenatis euismod bibendum. Ut ultricies a nulla quis sollicitudin. Nam sagittis venenatis ac.",End Data Corruption,255.208
low_26_stego.png,119981,177731,481.326,"Lorem ipsum dolor sit amet, consectetur adipiscing elit. Curabitur dictum justo eget est maximus, in mollis massa porttitor. Mauris gravida scelerisque orci id eleifend. Sed fermentum orci a velit eleifend laoreet. Cras semper sed nibh eget vehicula. Donec sed eros arcu. Aenean tempor, felis ac dictum tincidunt, odio nulla consectetur dolor, nec molestie lorem felis et sem. Orci varius natoque penatibus et magnis dis parturient montes, nascetur ridiculus mus. Fusce aliquet est venenatis euismod bibendum. Ut ultricies a nulla quis sollicitudin. Nam sagittis venenatis ac.","Lorem ipsum dolor sit amet, consectetur adipiscing elit. Curabitur dictum justo eget est maximus, in mollis massa porttitor. Mauris gravida scelerisque orci id eleifend. Sed fermentum orci a velit eleifend laoreet. Cras semper sed nibh eget vehicula. Donec sed eros arcu. Aenean tempor, felis ac dictum tincidunt, odio nulla consectetur dolor, nec molestie lorem felis et sem. Orci varius natoque penatibus et magnis dis parturient montes, nascetur ridiculus mus. Fusce aliquet est venenatis euismod bibendum. Ut ultricies a nulla quis sollicitudin. Nam sagittis venenatis ac.",Match,0
low_27_stego.png,75468,324643,3.301.731,"Lorem ipsum dolor sit amet, consectetur adipiscing elit. Curabitur dictum justo eget est maximus, in mollis massa porttitor. Mauris gravida scelerisque orci id eleifend. Sed fermentum orci a velit eleifend laoreet. Cras semper sed nibh eget vehicula. Donec sed eros arcu. Aenean tempor, felis ac dictum tincidunt, odio nulla consectetur dolor, nec molestie lorem felis et sem. Orci varius natoque penatibus et magnis dis parturient montes, nascetur ridiculus mus. Fusce aliquet est venenatis euismod bibendum. Ut ultricies a nulla quis sollicitudin. Nam sagittis venenatis ac.","Lorem ipsum dolor sit amet, consectetur adipiscing elit. Curabitur dictum justo eget est maximus, in mollis massa porttitor. Mauris gravida scelerisque orci id eleifend. Sed fermentum orci a velit eleifend laoreet. Cras semper sed nibh eget vehicula. Donec sed eros arcu. Aenean tempor, felis ac dictum tincidunt, odio nulla consectetur dolor, nec molestie lorem felis et sem. Orci varius natoque penatibus et magnis dis parturient montes, nascetur ridiculus mus. Fusce aliquet est venenatis euismod bibendum. Ut ultricies a nulla quis sollicitudin. Nam sagittis venenatis ac.",Match,0
low_28_stego.png,38636,50689,311.963,"Lorem ipsum dolor sit amet, consectetur adipiscing elit. Curabitur dictum justo eget dst iaximus, in mollis mass! porttitor. Mauris gravida scelerisque orci id eleifend. Sed fermantum orci a velit eleifend laoreet. Cras semper sed nibh eget vehicula. Donec sed eros arcu. Aenean tempor, felis ac dictum tincidun","Lorem ipsum dolor sit amet, consectetur adipiscing elit. Curabitur dictum justo eget est maximus, in mollis massa porttitor. Mauris gravida scelerisque orci id eleifend. Sed fermentum orci a velit eleifend laoreet. Cras semper sed nibh eget vehicula. Donec sed eros arcu. Aenean tempor, felis ac dictum tincidunt, odio nulla consectetur dolor, nec molestie lorem felis et sem. Orci varius natoque penatibus et magnis dis parturient montes, nascetur ridiculus mus. Fusce aliquet est venenatis euismod bibendum. Ut ultricies a nulla quis sollicitudin. Nam sagittis venenatis ac.",End Data Corruption,219.618
low_29_stego.png,81489,86184,57.615,"Lorem ipsum dolor sit amet, consectetur adipiscing elit. Curabitur dictum justo eget est maximus, in mollis massa porttitor. Mauris gravida scelerisque orci id eleifend. Sed fermentum orca a velit eleifend laoreet. Cras semper aed nibh eget vehicula. Donec sed eros a`cu. Aenean tempor, felis ac dictum tinc@dunt, odio nulla consectetur dolor( nec molestie lorem felis et sem. Orci p!rius natoque penaibus et magnis dis pa2turient -ontes, n!scetur ridiculus mus. Fusce al)quet est","Lorem ipsum dolor sit amet, consectetur adipiscing elit. Curabitur dictum justo eget est maximus, in mollis massa porttitor. Mauris gravida scelerisque orci id eleifend. Sed fermentum orci a velit eleifend laoreet. Cras semper sed nibh eget vehicula. Donec sed eros arcu. Aenean tempor, felis ac dictum tincidunt, odio nulla consectetur dolor, nec molestie lorem felis et sem. Orci varius natoque penatibus et magnis dis parturient montes, nascetur ridiculus mus. Fusce aliquet est venenatis euismod bibendum. Ut ultricies a nulla quis sollicitudin. Nam sagittis venenatis ac.",End Data Corruption,82.248
low_2_stego.png,375814,419404,115.988,"Lorem ipsum dolor sit amet, consectetur adipiscing elit. Curabitur dictum justo eget est maximus, in mollis massa porttitor. Mauris gravid scelerisque orci id eleifend. Sed fermntum orci a velit eleifend laoreet. Cra semper sed nibh eget vehicula. Donec sEd eros arcu. Aenean tempor, felis ac ditum tincidunt, odi, nulla consectetur dolor, nec molestie ,orem felis et sem. Orci varius natoque penathbus et magnis dis parturient montes, narcetur ridiculus mus. Fusce aliquet est venenatis euismod bibendum. Ut ultricies a nulla quis sollicitudin. Nam sag(ttis venenatis ac.","Lorem ipsum dolor sit amet, consectetur adipiscing elit. Curabitur dictum justo eget est maximus, in mollis massa porttitor. Mauris gravida scelerisque orci id eleifend. Sed fermentum orci a velit eleifend laoreet. Cras semper sed nibh eget vehicula. Donec sed eros arcu. Aenean tempor, felis ac dictum tincidunt, odio nulla consectetur dolor, nec molestie lorem felis et sem. Orci varius natoque penatibus et magnis dis parturient montes, nascetur ridiculus mus. Fusce aliquet est venenatis euismod bibendum. Ut ultricies a nulla quis sollicitudin. Nam sagittis venenatis ac.",End Data Corruption,0.3906
low_30_stego.png,64192,102114,590.759,"Lorem ipsum dolor sit amet, consectetur adipiscing elit. Curabitur dictum justo eget est maximus, in mollis massa porttitor. Mauris gravida scelerisque orci id eleifend. Sed fermentum orci a velit eleifend laoreet. Cras semper sed nibh eget vehicula. Donec sed eros arcu. Aenean tempor, felis ac dictum tincidunt, odio nulla consectetur dolor, nec molestie lorem felis et sem. Orci varius natoque penatibus et magnis dis parturient montes, nascetur ridiculus mus. Fusce aliquet est venenatis euismod bibendum. Ut ultricies a nulla quis sollicitudin. Nam sagittis venenatis ac.","Lorem ipsum dolor sit amet, consectetur adipiscing elit. Curabitur dictum justo eget est maximus, in mollis massa porttitor. Mauris gravida scelerisque orci id eleifend. Sed fermentum orci a velit eleifend laoreet. Cras semper sed nibh eget vehicula. Donec sed eros arcu. Aenean tempor, felis ac dictum tincidunt, odio nulla consectetur dolor, nec molestie lorem felis et sem. Orci varius natoque penatibus et magnis dis parturient montes, nascetur ridiculus mus. Fusce aliquet est venenatis euismod bibendum. Ut ultricies a nulla quis sollicitudin. Nam sagittis venenatis ac.",Match,0
low_31_stego.png,151992,156211,27.758,"Lorem ipsum dolor sit amet, consectetur adipiscing elit. Curabitur dictum justo eget est maximus, in mollis massa porttitor. Mauris gravida scelerisque orci","Lorem ipsum dolor sit amet, consectetur adipiscing elit. Curabitur dictum justo eget est maximus, in mollis massa porttitor. Mauris gravida scelerisque orci id eleifend. Sed fermentum orci a velit eleifend laoreet. Cras semper sed nibh eget vehicula. Donec sed eros arcu. Aenean tempor, felis ac dictum tincidunt, odio nulla consectetur dolor, nec molestie lorem felis et sem. Orci varius natoque penatibus et magnis dis parturient montes, nascetur ridiculus mus. Fusce aliquet est venenatis euismod bibendum. Ut ultricies a nulla quis sollicitudin. Nam sagittis venenatis ac.",End Data Corruption,339.627
low_32_stego.png,31117,78130,1.510.846,"Lorem ipsum dolor sit amet, consectetur adipiscing elit. Curabitur dictum justo eget est maximus, in mollis massa porttitor. Mauris gravida scelerisque orci id eleifend. Sed fermentum orci a velit eleifend laoreet. Cras semper sed nibh eget vehicula. Donec sed eros arcu. Aenean tempor, felis ac dictum tincidunt, odio nulla consectetur dolor, nec molestie lorem felis et sem. Orci varius natoque penatibus et magnis dis parturient montes, nascetur ridiculus mus. Fusce aliquet est venenatis euismod bibendum. Ut ultricies a nulla quis sollicitudin. Nam sagittis venenatis ac.","Lorem ipsum dolor sit amet, consectetur adipiscing elit. Curabitur dictum justo eget est maximus, in mollis massa porttitor. Mauris gravida scelerisque orci id eleifend. Sed fermentum orci a velit eleifend laoreet. Cras semper sed nibh eget vehicula. Donec sed eros arcu. Aenean tempor, felis ac dictum tincidunt, odio nulla consectetur dolor, nec molestie lorem felis et sem. Orci varius natoque penatibus et magnis dis parturient montes, nascetur ridiculus mus. Fusce aliquet est venenatis euismod bibendum. Ut ultricies a nulla quis sollicitudin. Nam sagittis venenatis ac.",Match,0
low_33_stego.png,74497,147496,979.892,"Lorem ipsum dolor sit amet, consectetur adipiscing elit. Curabitur dictum justo eget est maximus, in mollis massa porttitor. Mauris gravida scelerisque orci id eleifend. Sed fermentum orci a velit eleifend laoreet. Cras semper sed nibh eget vehicula. Donec sed eros arcu. Aenean tempor, felis ac dictum tincidunt, odio nulla consectetur dolor, nec molestie lorem felis et sem. Orci varius natoque penatibus et magnis dis parturient montes, nascetur ridiculus mus. Fusce aliquet est venenatis euismod bibendum. Ut ultricies a nulla quis sollicitudin. Nam sagittis venenatis ac.","Lorem ipsum dolor sit amet, consectetur adipiscing elit. Curabitur dictum justo eget est maximus, in mollis massa porttitor. Mauris gravida scelerisque orci id eleifend. Sed fermentum orci a velit eleifend laoreet. Cras semper sed nibh eget vehicula. Donec sed eros arcu. Aenean tempor, felis ac dictum tincidunt, odio nulla consectetur dolor, nec molestie lorem felis et sem. Orci varius natoque penatibus et magnis dis parturient montes, nascetur ridiculus mus. Fusce aliquet est venenatis euismod bibendum. Ut ultricies a nulla quis sollicitudin. Nam sagittis venenatis ac.",Match,0
low_34_stego.png,95595,130190,361.891,"Lorem ipsum dolor sit amet, consectetur adipiscing elit. Curabitur dictum justo eget est maximus, in mollis massa porttitor. Mauris gravida scelerisque orci id eleifend. Sed fermentum orci a velit eleifend laoreet. Cras semper sed nibh eget vehicula. Donec sed eros arcu. Aenean tempor, felis ac dictum tincidunt, odio nulla consectetur dolor, nec molestie lorem felis et sem. Orci varius natoque penatibus et magnis dis parturient montes, nascetur ridiculus mus. Fusce aliquet est venenatis euismod bibendum. Ut ultricies a nulla quis sollicitudin. Nam sagittis venenatis ac.","Lorem ipsum dolor sit amet, consectetur adipiscing elit. Curabitur dictum justo eget est maximus, in mollis massa porttitor. Mauris gravida scelerisque orci id eleifend. Sed fermentum orci a velit eleifend laoreet. Cras semper sed nibh eget vehicula. Donec sed eros arcu. Aenean tempor, felis ac dictum tincidunt, odio nulla consectetur dolor, nec molestie lorem felis et sem. Orci varius natoque penatibus et magnis dis parturient montes, nascetur ridiculus mus. Fusce aliquet est venenatis euismod bibendum. Ut ultricies a nulla quis sollicitudin. Nam sagittis venenatis ac.",Match,0
low_35_stego.png,12098,64497,4.331.212,"Lorem ipsum dolor sit amet, consectetur adipiscing elit. Curabitur dictum justo eget est maximus, in mollis massa porttitor. Mauris gravida scelerisque orci id eleifend. Sed fermentum orci a velit eleifend laoreet. Cras semper sed nibh eget vehicula. Donec sed eros arcu. Aenean tempor, felis ac dictum tincidunt, odio nulla consectetur dolor, nec molestie lorem felis et sem. Orci varius natoque penatibus et magnis dis parturient montes, nascetur ridiculus mus. Fusce aliquet est venenatis euismod bibendum. Ut ultricies a nulla quis sollicitudin. Nam sagittis venenatis ac.","Lorem ipsum dolor sit amet, consectetur adipiscing elit. Curabitur dictum justo eget est maximus, in mollis massa porttitor. Mauris gravida scelerisque orci id eleifend. Sed fermentum orci a velit eleifend laoreet. Cras semper sed nibh eget vehicula. Donec sed eros arcu. Aenean tempor, felis ac dictum tincidunt, odio nulla consectetur dolor, nec molestie lorem felis et sem. Orci varius natoque penatibus et magnis dis parturient montes, nascetur ridiculus mus. Fusce aliquet est venenatis euismod bibendum. Ut ultricies a nulla quis sollicitudin. Nam sagittis venenatis ac.",Match,0
low_36_stego.png,47237,61769,307.640,"Lorem ipsum dolor sit amet, consectetur adipiscing elit. Curabitur dictum justo eget est maximus, in mollis massa porttitor. Mauris gravida scelerisque orci id eleifend. Sed fermentum orci a velit eleifend laoreet. Cras semper sed nibh eget vehicula. Donec sed eros arcu. Aenean tempor, felis ac dictum tincidunt, odio nulla consectetur dolor, nec molestie lorem felis et sem. Orci varius natoque penatibus et magnis dis parturient montes, nascetur ridiculus mus. Fusce aliquet est venenatis euismod bibendum. Ut ultricies a nulla quis sollicitudin. Nam sagittis venenatis ac.","Lorem ipsum dolor sit amet, consectetur adipiscing elit. Curabitur dictum justo eget est maximus, in mollis massa porttitor. Mauris gravida scelerisque orci id eleifend. Sed fermentum orci a velit eleifend laoreet. Cras semper sed nibh eget vehicula. Donec sed eros arcu. Aenean tempor, felis ac dictum tincidunt, odio nulla consectetur dolor, nec molestie lorem felis et sem. Orci varius natoque penatibus et magnis dis parturient montes, nascetur ridiculus mus. Fusce aliquet est venenatis euismod bibendum. Ut ultricies a nulla quis sollicitudin. Nam sagittis venenatis ac.",Match,0
low_37_stego.png,134276,150532,121.064,"Lorem ipsum dolor sit amet, consectetur adipiscing elit. Curabitur dictum justo eget est maximus, in mollis massa porttitor. Mauris gravida scelerisque orci id eleifend. Sed fermentum orci a velit eleifend laoreet. Cras semper sed nibh eget vehicula. Donec sed eros arcu. Aenean tempor, felis ac dictum tincidunt, odio nulla consectetur dolor, nec molestie lorem felis et sem. Orci varius natoque penatibus et magnis dis parturient montes, nascetur ridiculus mus. Fusce aliquet est venenatis euismod bibendum. Ut ultricies a nulla quis sollicitudin. Nam sagittis venenatis ac.","Lorem ipsum dolor sit amet, consectetur adipiscing elit. Curabitur dictum justo eget est maximus, in mollis massa porttitor. Mauris gravida scelerisque orci id eleifend. Sed fermentum orci a velit eleifend laoreet. Cras semper sed nibh eget vehicula. Donec sed eros arcu. Aenean tempor, felis ac dictum tincidunt, odio nulla consectetur dolor, nec molestie lorem felis et sem. Orci varius natoque penatibus et magnis dis parturient montes, nascetur ridiculus mus. Fusce aliquet est venenatis euismod bibendum. Ut ultricies a nulla quis sollicitudin. Nam sagittis venenatis ac.",Match,0
low_38_stego.png,16420,36832,1.243.118,"Lorem ipsum dolor sit amet, consectetur adipiscing elit. Curabitur dictum justo eget est maximus, in mollis massa porttitor. Mauris gravida scelerisque orci id eleifend. Sed fermentum orci a velit eleifend laoreet. Cras semper sed nibh eget vehicula. Donec sed eros arcu. Aenean tempor, felis ac dictum tincidunt, odio nulla consectetur dolor, nec molestie lorem felis et sem. Orci varius natoque penatibus et magnis dis parturient montes, nascetur ridiculus mus. Fusce aliquet est venenatis euismod bibendum. Ut ultricies a nulla quis sollicitudin. Nam sagittis venenatis ac.","Lorem ipsum dolor sit amet, consectetur adipiscing elit. Curabitur dictum justo eget est maximus, in mollis massa porttitor. Mauris gravida scelerisque orci id eleifend. Sed fermentum orci a velit eleifend laoreet. Cras semper sed nibh eget vehicula. Donec sed eros arcu. Aenean tempor, felis ac dictum tincidunt, odio nulla consectetur dolor, nec molestie lorem felis et sem. Orci varius natoque penatibus et magnis dis parturient montes, nascetur ridiculus mus. Fusce aliquet est venenatis euismod bibendum. Ut ultricies a nulla quis sollicitudin. Nam sagittis venenatis ac.",Match,0
low_39_stego.png,22239,44325,993.120,"Lorem ipsum dolor sit amet, consectetur adipiscing elit. Curabitur dictum justo eget est maximus, in mollis massa porttitor. Mauris gravida scelerisque orci id eleifend. Sed fermentum orci a velit eleifend laoreet. Cras semper sed nibh eget vehicula. Donec sed eros arcu. Aenea. tempor, felis ac dictum tincidunt, odi/ nulla consectetur dolor, nec molestie Lorem felis et sem. Orci varius natoque 0enatibus et magnis dis parturient montes, nascetur ridiculus mus. Fusce aliquet est venenatis euismod bibendum. Ut ultricies a nulla quis sollicitudin. Nam saeittis venenatis ac.","Lorem ipsum dolor sit amet, consectetur adipiscing elit. Curabitur dictum justo eget est maximus, in mollis massa porttitor. Mauris gravida scelerisque orci id eleifend. Sed fermentum orci a velit eleifend laoreet. Cras semper sed nibh eget vehicula. Donec sed eros arcu. Aenean tempor, felis ac dictum tincidunt, odio nulla consectetur dolor, nec molestie lorem felis et sem. Orci varius natoque penatibus et magnis dis parturient montes, nascetur ridiculus mus. Fusce aliquet est venenatis euismod bibendum. Ut ultricies a nulla quis sollicitudin. Nam sagittis venenatis ac.",End Data Corruption,0.1085
low_3_stego.png,383648,445318,160.746,"Lorem ipsum dolor sit amet, consectetur adipiscing elit. Curabitur dictum justo eget est maximus, in mollis massa porttitor. Mauris gravida scelerisque orci id eleifend. Sed fermentum orci a velit eleifend laoreet. Cras semper sed nibh eget vehicula. Donec sed eros arcu. Aenean tempor, felis ac dictum tincidunt, odio nulla consectetur dolor, nec molestie lorem felis et sem. Orci varius natoque penatibus et magnis dis parturient montes, nascetur ridiculus mus. Fusce aliquet est venenatis euismod bibendum. Ut ultricies a nulla quis sollicitudin. Nam sagittis venenatis ac.","Lorem ipsum dolor sit amet, consectetur adipiscing elit. Curabitur dictum justo eget est maximus, in mollis massa porttitor. Mauris gravida scelerisque orci id eleifend. Sed fermentum orci a velit eleifend laoreet. Cras semper sed nibh eget vehicula. Donec sed eros arcu. Aenean tempor, felis ac dictum tincidunt, odio nulla consectetur dolor, nec molestie lorem felis et sem. Orci varius natoque penatibus et magnis dis parturient montes, nascetur ridiculus mus. Fusce aliquet est venenatis euismod bibendum. Ut ultricies a nulla quis sollicitudin. Nam sagittis venenatis ac.",Match,0
low_40_stego.png,17667,28816,631.064,"Lorem ipsum dolor sit amet, consectetur adipiscing elit. Curabitur dictum justo eget est maximus, in mollis massa porttitor. Mauris gravida scelerisque orci id eleifend. Sed fermentum orci a velit eleifend laoreet. Cras semper sed nibh eget vehicula. Donec sed eros arcu. Aenean tempor, felis ac dictum tincidunt, odio nulla consectetur dolor, nec molestie lorem felis et sem. Orci varius natoque penatibus et magnis dis parturient montes, nascetur ridiculus mus. Fusce aliquet est venenatis euismod bibendum. Ut ultricies a nulla quis sollicitudin. Nam sagittis venenatis ac.","Lorem ipsum dolor sit amet, consectetur adipiscing elit. Curabitur dictum justo eget est maximus, in mollis massa porttitor. Mauris gravida scelerisque orci id eleifend. Sed fermentum orci a velit eleifend laoreet. Cras semper sed nibh eget vehicula. Donec sed eros arcu. Aenean tempor, felis ac dictum tincidunt, odio nulla consectetur dolor, nec molestie lorem felis et sem. Orci varius natoque penatibus et magnis dis parturient montes, nascetur ridiculus mus. Fusce aliquet est venenatis euismod bibendum. Ut ultricies a nulla quis sollicitudin. Nam sagittis venenatis ac.",Match,0
low_41_stego.png,87651,145678,662.023,"Lorem ipsum dolor sit amet, consectetur adipiscing elit. Curabitur dictum justo eget est maximus, in mollis massa porttitor. Mauris gravida scelerisque orci id eleifend. Sed fermentum orci a velit eleifend laoreet. Cras semper sed nibh eget vehicula. Donec sed eros arcu. Aenean tempor, felis ac dictum tincidunt, odio nulla consectetur dolor, nec molestie lorem felis et sem. Orci varius natoque penatibus et magnis dis parturient montes, nascetur ridiculus mus. Fusce aliquet est venenatis euismod bibendum. Ut ultricies a nulla quis sollicitudin. Nam sagittis venenatis ac.","Lorem ipsum dolor sit amet, consectetur adipiscing elit. Curabitur dictum justo eget est maximus, in mollis massa porttitor. Mauris gravida scelerisque orci id eleifend. Sed fermentum orci a velit eleifend laoreet. Cras semper sed nibh eget vehicula. Donec sed eros arcu. Aenean tempor, felis ac dictum tincidunt, odio nulla consectetur dolor, nec molestie lorem felis et sem. Orci varius natoque penatibus et magnis dis parturient montes, nascetur ridiculus mus. Fusce aliquet est venenatis euismod bibendum. Ut ultricies a nulla quis sollicitudin. Nam sagittis venenatis ac.",Match,0
low_42_stego.png,2878,22270,6.738.013,"Lorem ipsum dolor sit amet, consectetur adipiscing elit. Curabitur dictum justo eget est maximus, in mollis massa porttitor. Mauris gravida scelerisque orci id eleifend. Sed fermentum orci a velit eleifend laoreet. Cras semper sed nibh eget vehicula. Donec sed eros arcu. Aenean tempor, felis ac dictum tincidunt, odio nulla consectetur dolor, nec molestie lorem felis et sem. Orci varius natoque penatibus et magnis dis parturient montes, nascetur ridiculus mus. Fusce aliquet est venenatis euismod bibendum. Ut ultricies a nulla quis sollicitudin. Nam sagittis venenatis ac.","Lorem ipsum dolor sit amet, consectetur adipiscing elit. Curabitur dictum justo eget est maximus, in mollis massa porttitor. Mauris gravida scelerisque orci id eleifend. Sed fermentum orci a velit eleifend laoreet. Cras semper sed nibh eget vehicula. Donec sed eros arcu. Aenean tempor, felis ac dictum tincidunt, odio nulla consectetur dolor, nec molestie lorem felis et sem. Orci varius natoque penatibus et magnis dis parturient montes, nascetur ridiculus mus. Fusce aliquet est venenatis euismod bibendum. Ut ultricies a nulla quis sollicitudin. Nam sagittis venenatis ac.",Match,0
low_43_stego.png,10331,26749,1.589.198,"Lorem ipsum dolor sit amet, consectetur adipiscing elit. Curabitur dictum justo eget est maximus, in mollis massa porttitor. Mauris gravida scelerisque orci id eleifend. Sed fermentum orci a velit eleifend laoreet. Cras semper sed nibh eget vehicula. Donec sed eros arcu. Aenean tempor, felis ac dictum tincidunt, odio nulla consectetur dolor, nec molestie lorem felis et sem. Orci varius natoque penatibus et magnis dis parturient montes, nascetur ridiculus mus. Fusce aliquet est venenatis euismod bibendum. Ut ultricies a nulla quis sollicitudin. Nam sagittis venenatis ac.","Lorem ipsum dolor sit amet, consectetur adipiscing elit. Curabitur dictum justo eget est maximus, in mollis massa porttitor. Mauris gravida scelerisque orci id eleifend. Sed fermentum orci a velit eleifend laoreet. Cras semper sed nibh eget vehicula. Donec sed eros arcu. Aenean tempor, felis ac dictum tincidunt, odio nulla consectetur dolor, nec molestie lorem felis et sem. Orci varius natoque penatibus et magnis dis parturient montes, nascetur ridiculus mus. Fusce aliquet est venenatis euismod bibendum. Ut ultricies a nulla quis sollicitudin. Nam sagittis venenatis ac.",Match,0
low_44_stego.png,67407,84912,259.691,"Lorem ipsum dolor sit amet, consectetur adipiscing elit. Curabitur dictum justo eget est maximus, in mollis massa porttitor. Mauris gravida scelerisque orci id eleifend. Sed fermentum orci a velit eleifend laoreet. Cras semper sed nibh eget vehicula. Donec sed eros arcu. Aenean tempor, felis ac dictum tincidunt, odio nulla consectetur dolor, nec molestie lorem felis et sem. Orci varius natoque penatibus et magnis dis parturient montes, nascetur ridiculus mus. Fusce aliquet est venenatis euismod bibendum. Ut ultricies a nulla quis sollicitudin. Nam sagittis venenatis ac.","Lorem ipsum dolor sit amet, consectetur adipiscing elit. Curabitur dictum justo eget est maximus, in mollis massa porttitor. Mauris gravida scelerisque orci id eleifend. Sed fermentum orci a velit eleifend laoreet. Cras semper sed nibh eget vehicula. Donec sed eros arcu. Aenean tempor, felis ac dictum tincidunt, odio nulla consectetur dolor, nec molestie lorem felis et sem. Orci varius natoque penatibus et magnis dis parturient montes, nascetur ridiculus mus. Fusce aliquet est venenatis euismod bibendum. Ut ultricies a nulla quis sollicitudin. Nam sagittis venenatis ac.",Match,0
low_45_stego.png,140804,243706,730.817,"Lorem ipsum dolor sit amet, consectetur adipiscing elit. Curabitur dictum justo eget est maximus, in mollis massa porttitor. Mauris gravida scelerisque orci id eleifend. Sed fermentum orci a velit eleifend laoreet. Cras semper sed nibh eget vehicula. Donec sed eros arcu. Aenean tempor, felis ac dictum tincidunt, odio nulla consectetur dolor, nec molestie lorem felis et sem. Orci varius natoque penatibus et magnis dis parturient montes, nascetur ridiculus mus. Fusce aliquet est venenatis euismod bibendum. Ut ultricies a nulla quis sollicitudin. Nam sagittis venenatis ac.","Lorem ipsum dolor sit amet, consectetur adipiscing elit. Curabitur dictum justo eget est maximus, in mollis massa porttitor. Mauris gravida scelerisque orci id eleifend. Sed fermentum orci a velit eleifend laoreet. Cras semper sed nibh eget vehicula. Donec sed eros arcu. Aenean tempor, felis ac dictum tincidunt, odio nulla consectetur dolor, nec molestie lorem felis et sem. Orci varius natoque penatibus et magnis dis parturient montes, nascetur ridiculus mus. Fusce aliquet est venenatis euismod bibendum. Ut ultricies a nulla quis sollicitudin. Nam sagittis venenatis ac.",Match,0
low_4_stego.png,314543,429345,364.980,"Lorem ipsum dolor sit amet, consectetur adipiscing elit. Curabitur dictum justo eget est maximus, in mollis massa porttitor. Mauris gravida scelerisque orci id eleifend. Sed fermentum orci a velit eleifend laoreet. Cras semper sed nibh eget vehicula. Donec sed eros arcu Aenean tempor, felis ac dictum tincidu, odio nulla consectetur dolor, nec mol`stie lorem felis et sem. Orci varius natoque penatibuq et magnis dis parturient montes, nascetur ridiculus mus. Fusce aliquet est venenatis euismod bibendum. Ut ultricies a nulla quis sollicitudin. Nam sagittis venenatis ac.","Lorem ipsum dolor sit amet, consectetur adipiscing elit. Curabitur dictum justo eget est maximus, in mollis massa porttitor. Mauris gravida scelerisque orci id eleifend. Sed fermentum orci a velit eleifend laoreet. Cras semper sed nibh eget vehicula. Donec sed eros arcu. Aenean tempor, felis ac dictum tincidunt, odio nulla consectetur dolor, nec molestie lorem felis et sem. Orci varius natoque penatibus et magnis dis parturient montes, nascetur ridiculus mus. Fusce aliquet est venenatis euismod bibendum. Ut ultricies a nulla quis sollicitudin. Nam sagittis venenatis ac.",Slight Difference,0.1736
low_5_stego.png,144374,213868,481.347,"Lorem ipsum dolor sit amet, consectetur adipiscing elit. Curabitur dictum justo eget est maximus, in mollis massa porttitor. Mauris gravida scelerisque orci id eleifend. Sed fermentum orci a velit eleifend laoreet. Cras semper sed nibh eget vehicula. Donec sed eros arcu. Aenean tempor, felis ac dictum tincidunt, odio nulla consectetur dolor, nec molestie lorem felis et sem. Orci varius natoque penatibus et magnis dis parturient montes, nascetur ridiculus mus. Fusce aliquet est venenatis euismod bibendum. Ut ultricies a nulla quis sollicitudin. Nam sagittis venenatis ac.","Lorem ipsum dolor sit amet, consectetur adipiscing elit. Curabitur dictum justo eget est maximus, in mollis massa porttitor. Mauris gravida scelerisque orci id eleifend. Sed fermentum orci a velit eleifend laoreet. Cras semper sed nibh eget vehicula. Donec sed eros arcu. Aenean tempor, felis ac dictum tincidunt, odio nulla consectetur dolor, nec molestie lorem felis et sem. Orci varius natoque penatibus et magnis dis parturient montes, nascetur ridiculus mus. Fusce aliquet est venenatis euismod bibendum. Ut ultricies a nulla quis sollicitudin. Nam sagittis venenatis ac.",Match,0
low_6_stego.png,412964,680692,648.308,"Lorem ipsum dolor sit amet, consectetur adipiscing elit. Curabitur dictum justo eget est maximus, in mollis massa porttitor. Mauris gravida scelerisque orci id eleifend. Sed fermentum orci a velit eleifend laoreet. Cras semper sed nibh eget vehicula. Donec sed eros arcu. Aenean tempor, felis ac dictum tincidunt, odio nulla consectetur dolor, nec molestie lorem felis et sem. Orci varius natoque penatibus et magnis dis parturient montes, nascetur ridiculus mus. Fusce aliquet est venenatis euismod bibendum. Ut ultricies a nulla quis sollicitudin. Nam sagittis venenatis ac.","Lorem ipsum dolor sit amet, consectetur adipiscing elit. Curabitur dictum justo eget est maximus, in mollis massa porttitor. Mauris gravida scelerisque orci id eleifend. Sed fermentum orci a velit eleifend laoreet. Cras semper sed nibh eget vehicula. Donec sed eros arcu. Aenean tempor, felis ac dictum tincidunt, odio nulla consectetur dolor, nec molestie lorem felis et sem. Orci varius natoque penatibus et magnis dis parturient montes, nascetur ridiculus mus. Fusce aliquet est venenatis euismod bibendum. Ut ultricies a nulla quis sollicitudin. Nam sagittis venenatis ac.",Match,0
low_7_stego.png,146627,234865,601.785,"Lorem ipsum dolor sit amet, consectetur adipiscing elit. Curabitur dictum justo eget est maximus, in mollis massa porttitor. Mauris gravida scelerisque orci id eleifend. Sed fermentum orci a velit eleifend laoreet. Cras semper sed nibh eget vehicula. Donec sed eros arcu. Aenean tempor, felis ac dictum tincidunt, odio nulla consectetur dolor, nec molestie lorem felis et sem. Orci varius natoque penatibus et magnis dis parturient montes, nascetur ridiculus mus. Fusce aliquet est venenatis euismod bibendum. Ut ultricies a nulla quis sollicitudin. Nam sagittis venenatis ac.","Lorem ipsum dolor sit amet, consectetur adipiscing elit. Curabitur dictum justo eget est maximus, in mollis massa porttitor. Mauris gravida scelerisque orci id eleifend. Sed fermentum orci a velit eleifend laoreet. Cras semper sed nibh eget vehicula. Donec sed eros arcu. Aenean tempor, felis ac dictum tincidunt, odio nulla consectetur dolor, nec molestie lorem felis et sem. Orci varius natoque penatibus et magnis dis parturient montes, nascetur ridiculus mus. Fusce aliquet est venenatis euismod bibendum. Ut ultricies a nulla quis sollicitudin. Nam sagittis venenatis ac.",Match,0
low_8_stego.png,183950,230269,251.802,"Lorem ipsum dolor sit amet, consectetur adipiscing elit. Curabitur dictum justo eget est maximus, in mollis massa porttitor. Mauris gravida scelerisque orci id eleifend. Sed fermentum orci a velit eleifend laoreet. Cras semper sed nibh eget vehicula. Donec sed eros arcu. Aenean tempor, felis ac dictum tincidunt, odio nulla consectetur dolor,","Lorem ipsum dolor sit amet, consectetur adipiscing elit. Curabitur dictum justo eget est maximus, in mollis massa porttitor. Mauris gravida scelerisque orci id eleifend. Sed fermentum orci a velit eleifend laoreet. Cras semper sed nibh eget vehicula. Donec sed eros arcu. Aenean tempor, felis ac dictum tincidunt, odio nulla consectetur dolor, nec molestie lorem felis et sem. Orci varius natoque penatibus et magnis dis parturient montes, nascetur ridiculus mus. Fusce aliquet est venenatis euismod bibendum. Ut ultricies a nulla quis sollicitudin. Nam sagittis venenatis ac.",End Data Corruption,191.406
low_9_stego.png,176549,218104,235.374,"Lorem ipsum dolor sit amet, consebtetur adipiscing elit. Curabitur dictum justo eget est maximus, in mollis massa porttitor. Mauris gravida scelerisque orci id eleifend. Sed fermentum orci a velit eleifend laoreet. Cras semper sed nibh eget vehicula. Donec sed eros arcu. Adnean tempor, felis ac dictum tincidunt, odio nulla consectetur dolor, nec molestie lorem felis et sem. Orci varius natoque penatibus et magnis dis parturient montes, nascetur ridiculus mus. Fusce aliquet est venenatis euismod bibendum. Ut ultricies a nulla quis sollicitudin. Nam sagittis venenatis ac.","Lorem ipsum dolor sit amet, consectetur adipiscing elit. Curabitur dictum justo eget est maximus, in mollis massa porttitor. Mauris gravida scelerisque orci id eleifend. Sed fermentum orci a velit eleifend laoreet. Cras semper sed nibh eget vehicula. Donec sed eros arcu. Aenean tempor, felis ac dictum tincidunt, odio nulla consectetur dolor, nec molestie lorem felis et sem. Orci varius natoque penatibus et magnis dis parturient montes, nascetur ridiculus mus. Fusce aliquet est venenatis euismod bibendum. Ut ultricies a nulla quis sollicitudin. Nam sagittis venenatis ac.",Slight Difference,0.0434
,,,,,,,
,,,,,,,
,,,,,,,
,,,,,,,
,,,,,,,
,,,,,,,
